{
  "Tussen de Bogen 16": [
    52.3834,
    4.88851
  ],
  "Van Der Hoopstraat 70HS": [
    52.38449,
    4.87272
  ],
  "J.M. Coenenstraat 4 - 6": [
    52.3526,
    4.88142
  ],
  "Elandsgracht 70": [
    52.36986,
    4.88091
  ],
  "IJpromenade 2": [
    52.38309,
    4.90303
  ],
  "Columbusplein 253": [
    52.36571,
    4.85528
  ],
  "C van Eesterenlaan 266": [
    52.37058,
    4.93816
  ],
  "Ouderkerkerlaan 30": [
    52.33423,
    4.95629
  ],
  "Eerste Schinkelstraat 14-16": [
    52.35398,
    4.85445
  ],
  "Woudrichemstraat 8": [
    52.29424,
    4.98769
  ],
  "Holendrechtplein 44": [
    52.29929,
    4.96435
  ],
  "Kraaiennest 68": [
    52.317242,
    4.98006
  ],
  "Nicolaas Beetsstraat 325": [
    52.363659,
    4.86729
  ],
  "President Allendelaan 733": [
    52.36568,
    4.80533
  ],
  "Waterlandplein 302": [
    52.393188,
    4.95472
  ],
  "Bilderdijkstraat 183": [
    52.366676330566406,
    4.872640132904053
  ],
  "Tolhuisweg 5": [
    52.383972,
    4.904874
  ],
  "Lutmastraat 61a": [
    52.35101,
    4.89536
  ],
  "Haarlemmer Houttuinen 8": [
    52.380765,
    4.892518
  ],
  "Spuistraat 216": [
    52.371616,
    4.889102
  ],
  "Karel Doormanstraat 125": [
    52.379377,
    4.858255
  ]
}