{
  "Tussen de Bogen 16": [
    52.3834,
    4.88851
  ],
  "Van Der Hoopstraat 70HS": [
    52.38449,
    4.87272
  ],
  "J.M. Coenenstraat 4 - 6": [
    52.3526,
    4.88142
  ],
  "Elandsgracht 70": [
    52.36986,
    4.88091
  ],
  "IJpromenade 2": [
    52.38309,
    4.90303
  ],
  "Columbusplein 253": [
    52.36571,
    4.85528
  ],
  "C van Eesterenlaan 266": [
    52.37058,
    4.93816
  ],
  "Ouderkerkerlaan 30": [
    52.33423,
    4.95629
  ]
}